person_id,age,income,employment_status,education_level
P1,46,34923,Employed,Bachelor
P2,60,28173,Employed,Bachelor
P3,30,29497,Employed,Postgraduate
P4,50,17519,Employed,LowEducation
P5,32,93248,Employed,Postgraduate
P6,37,298932,Employed,Postgraduate
P7,36,30948,Employed,Bachelor
P8,34,4916,NotWorking,Bachelor
P9,21,67975,Employed,Postgraduate
P10,21,31311,Employed,Postgraduate
P11,63,24151,Employed,Bachelor
P12,27,47472,Employed,Postgraduate
P13,42,26048,Employed,Bachelor
P14,45,24670,Employed,Postgraduate
P15,49,52513,Employed,Postgraduate
P16,38,17941,Employed,Bachelor
P17,67,6210,Employed,LowEducation
P18,32,71611,Employed,Postgraduate
P19,26,32775,Employed,Postgraduate
P20,36,18332,Employed,LowEducation
P21,33,19616,Employed,LowEducation
P22,59,23953,Employed,LowEducation
P23,43,22338,Employed,LowEducation
P24,42,21018,Employed,Postgraduate
P25,56,59767,Employed,Postgraduate
P26,53,13619,Employed,Bachelor
P27,31,18136,Employed,Postgraduate
P28,34,47140,Employed,Postgraduate
P29,57,62533,Unemployed,Postgraduate
P30,48,13449,Employed,Postgraduate
P31,40,56610,Employed,Postgraduate
P32,41,6251,Employed,Postgraduate
P33,45,45090,Employed,Postgraduate
P34,47,79280,Employed,Postgraduate
P35,63,53932,Employed,Bachelor
P36,56,24166,Employed,Postgraduate
P37,46,67700,Employed,Postgraduate
P38,42,10435,Employed,Bachelor
P39,54,14800,Employed,Postgraduate
P40,18,832,NotWorking,Bachelor
P41,35,37157,Employed,Postgraduate
P42,32,2514,NotWorking,Bachelor
P43,58,89560,Employed,Postgraduate
P44,49,22399,Employed,Postgraduate
P45,51,54830,Employed,Postgraduate
P46,50,302337,Employed,Postgraduate
P47,27,12613,Employed,Bachelor
P48,36,54902,Employed,Postgraduate
P49,37,43395,Employed,Postgraduate
P50,54,297936,Employed,Postgraduate
P51,32,15817,Employed,Bachelor
P52,31,13252,Employed,Bachelor
P53,31,34484,Employed,Postgraduate
P54,52,13017,Employed,LowEducation
P55,57,58765,Employed,Postgraduate
P56,58,40271,Employed,Postgraduate
P57,31,9428,Unemployed,Postgraduate
P58,21,7443,Employed,LowEducation
P59,54,37760,Employed,Postgraduate
P60,47,37666,Employed,Postgraduate
P61,54,21747,Employed,Postgraduate
P62,60,26686,Employed,LowEducation
P63,59,49418,Employed,Bachelor
P64,35,37576,Employed,Postgraduate
P65,37,27066,Employed,Bachelor
P66,56,93301,Employed,Postgraduate
P67,18,8342,Employed,Bachelor
P68,60,5663,NotWorking,Bachelor
P69,31,11144,NotWorking,Postgraduate
P70,29,65472,NotWorking,LowEducation
P71,53,66802,Employed,Postgraduate
P72,53,2177,NotWorking,Bachelor
P73,26,5806,Employed,Postgraduate
P74,20,1122,Employed,Postgraduate
P75,40,21143,Employed,Postgraduate
P76,31,29350,Employed,Postgraduate
P77,52,23827,NotWorking,Postgraduate
P78,57,83977,Employed,Postgraduate
P79,37,31065,Employed,Postgraduate
P80,34,16861,Employed,Postgraduate
P81,33,15994,Employed,Bachelor
P82,56,90501,Employed,Postgraduate
P83,54,44535,Employed,Bachelor
P84,61,75760,NotWorking,Postgraduate
P85,56,36734,Employed,Postgraduate
P86,69,18141,NotWorking,Postgraduate
P87,51,19084,Employed,Postgraduate
P88,19,8743,Employed,Bachelor
P89,39,2375,Employed,Bachelor
P90,20,3811,Unemployed,Postgraduate
P91,18,539,Unemployed,LowEducation
P92,47,10459,Employed,Bachelor
P93,58,23158,Employed,Postgraduate
P94,40,4116,Employed,Bachelor
P95,35,15949,Employed,Bachelor
P96,50,67910,Employed,Bachelor
P97,62,17359,Employed,Postgraduate
P98,29,25068,Employed,Postgraduate
P99,31,64450,Employed,Postgraduate
P100,47,39000,Employed,Postgraduate
P101,45,19185,Employed,Postgraduate
P102,39,11374,Employed,Bachelor
P103,41,33013,Employed,Postgraduate
P104,32,111096,Employed,Postgraduate
P105,32,40124,Employed,Postgraduate
P106,64,24848,Employed,Bachelor
P107,49,23357,Employed,Bachelor
P108,49,33175,Employed,Bachelor
P109,59,118670,Employed,Postgraduate
P110,45,63945,Employed,Postgraduate
P111,23,11850,Employed,LowEducation
P112,46,31516,Employed,Bachelor
P113,48,41526,Employed,Postgraduate
P114,37,68482,Employed,Bachelor
P115,51,28836,Employed,Bachelor
P116,70,7177,Employed,LowEducation
P117,31,28531,Employed,Postgraduate
P118,36,63519,Employed,Postgraduate
P119,19,7556,Employed,Postgraduate
P120,66,21234,Employed,Bachelor
P121,58,1059,NotWorking,Postgraduate
P122,36,42816,Employed,Postgraduate
P123,41,42542,Employed,Bachelor
P124,51,18213,Employed,Bachelor
P125,20,760,Employed,Bachelor
P126,47,4505,Employed,LowEducation
P127,44,4051,Employed,Bachelor
P128,48,15748,Employed,Bachelor
P129,27,30400,NotWorking,LowEducation
P130,28,11783,NotWorking,LowEducation
P131,50,45843,Employed,Bachelor
P132,65,35334,Employed,Bachelor
P133,63,1163,Employed,Postgraduate
P134,59,48685,Employed,Postgraduate
P135,60,93961,Employed,Postgraduate
P136,18,4713,NotWorking,Bachelor
P137,67,15086,Employed,Postgraduate
P138,41,38129,Employed,Bachelor
P139,38,16465,Employed,Bachelor
P140,61,32331,Employed,Bachelor
P141,45,10209,Employed,Postgraduate
P142,47,44442,Employed,Bachelor
P143,23,461,Unemployed,LowEducation
P144,22,5146,Employed,Bachelor
P145,18,938,Employed,Postgraduate
P146,25,13911,Employed,Postgraduate
P147,25,9542,Employed,Postgraduate
P148,20,10368,Employed,Postgraduate
P149,45,36572,Employed,Postgraduate
P150,45,19510,Employed,Bachelor
P151,23,8426,Employed,Bachelor
P152,24,40843,Employed,Bachelor
P153,42,32818,Employed,Bachelor
P154,44,43655,Employed,Postgraduate
P155,20,4955,Employed,Postgraduate
P156,55,11049,Employed,Postgraduate
P157,53,83147,Employed,Postgraduate
P158,30,20619,Employed,Bachelor
P159,44,179940,Employed,Postgraduate
P160,40,2285,NotWorking,Postgraduate
P161,37,48187,Employed,Postgraduate
P162,34,40464,Employed,Bachelor
P163,38,13532,Employed,Bachelor
P164,47,12020,Employed,Bachelor
P165,22,1023,NotWorking,Postgraduate
P166,52,13637,NotWorking,LowEducation
P167,60,16688,Employed,Postgraduate
P168,60,39425,Employed,Bachelor
P169,26,15567,Employed,Postgraduate
P170,31,23550,Employed,Bachelor
P171,50,57848,Employed,Bachelor
P172,46,33311,Employed,Bachelor
P173,22,5860,Employed,Postgraduate
P174,32,45843,Employed,Postgraduate
P175,43,31676,Employed,Bachelor
P176,19,312,Employed,LowEducation
P177,35,14958,Employed,LowEducation
P178,22,2780,Employed,Postgraduate
P179,39,48074,Employed,Postgraduate
P180,44,47530,Employed,Bachelor
P181,50,49935,Employed,Postgraduate
P182,29,20011,Employed,Bachelor
P183,32,20704,Employed,LowEducation
P184,26,24757,Employed,LowEducation
P185,61,20504,Employed,LowEducation
P186,41,30630,Employed,Bachelor
P187,22,7757,Employed,LowEducation
P188,29,43403,Employed,Postgraduate
P189,35,64461,Employed,Postgraduate
P190,20,3959,Employed,Bachelor
P191,52,53017,Employed,Postgraduate
P192,54,51857,Employed,Postgraduate
P193,18,4063,Employed,Bachelor
P194,59,7834,Employed,Bachelor
P195,37,96143,Employed,Postgraduate
P196,24,5656,NotWorking,Postgraduate
P197,24,7873,NotWorking,Postgraduate
P198,21,175,NotWorking,LowEducation
P199,27,34692,Employed,Bachelor
P200,22,49197,Employed,Postgraduate
P201,25,29973,Employed,Postgraduate
P202,29,60121,Employed,Postgraduate
P203,38,28,NotWorking,Postgraduate
P204,37,101340,Employed,Postgraduate
P205,30,36661,Employed,Bachelor
P206,26,41219,Employed,Bachelor
P207,35,7575,Employed,LowEducation
P208,57,111230,Employed,Postgraduate
P209,57,68633,Employed,Postgraduate
P210,24,433,NotWorking,Postgraduate
P211,22,27702,Employed,Bachelor
P212,38,20493,Employed,LowEducation
P213,28,14403,Employed,LowEducation
P214,40,34540,Employed,Postgraduate
P215,51,21313,Employed,Postgraduate
P216,45,40932,Employed,Postgraduate
P217,20,20673,Employed,Postgraduate
P218,39,37706,Unemployed,Bachelor
P219,23,5840,Employed,LowEducation
P220,50,26404,Employed,Bachelor
P221,40,13074,Employed,Bachelor
P222,22,17193,Employed,Bachelor
P223,35,11353,Employed,Bachelor
P224,37,15658,Employed,Postgraduate
P225,45,20764,Employed,Bachelor
P226,46,20830,Employed,Bachelor
P227,19,15507,Employed,Bachelor
P228,61,7171,Employed,Bachelor
P229,48,13013,Employed,Bachelor
P230,52,8318,Employed,Bachelor
P231,34,13528,Employed,Bachelor
P232,39,77615,Employed,Bachelor
P233,53,14146,Employed,Postgraduate
P234,19,4044,Unemployed,Bachelor
P235,60,47188,Employed,Postgraduate
P236,68,42019,Employed,Postgraduate
P237,18,3328,NotWorking,Bachelor
P238,48,53278,Employed,Postgraduate
P239,48,7316,Employed,Bachelor
P240,18,743,Unemployed,Postgraduate
P241,36,101749,Employed,Postgraduate
P242,38,51780,Employed,Bachelor
P243,42,35509,Employed,Postgraduate
P244,36,47000,Employed,Bachelor
P245,39,16543,Employed,Bachelor
P246,56,191194,Employed,Postgraduate
P247,63,24153,Employed,Bachelor
P248,53,26729,Employed,Bachelor
P249,23,22036,Employed,Postgraduate
P250,55,74274,Employed,Postgraduate
P251,20,7425,Employed,Postgraduate
P252,32,38985,NotWorking,Bachelor
P253,44,8536,Employed,Bachelor
P254,45,26905,Employed,Bachelor
P255,33,16210,Employed,Bachelor
P256,60,24501,NotWorking,LowEducation
P257,53,19619,Employed,LowEducation
P258,23,4430,Employed,Bachelor
P259,21,15304,Employed,Bachelor
P260,49,49215,Employed,Bachelor
P261,30,47078,Employed,Bachelor
P262,36,22600,Employed,Postgraduate
P263,51,37072,Employed,Postgraduate
P264,49,29354,Employed,Postgraduate
P265,61,3070,Employed,Bachelor
P266,47,2421,Unemployed,LowEducation
P267,25,3601,Employed,Bachelor
P268,24,6430,NotWorking,Bachelor
P269,35,37467,Employed,Bachelor
P270,37,50019,Employed,Postgraduate
P271,40,36983,Employed,Postgraduate
P272,70,31808,Employed,Bachelor
P273,33,73134,Employed,Postgraduate
P274,39,58494,Employed,Postgraduate
P275,47,11810,Employed,Postgraduate
P276,23,11879,Employed,Bachelor
P277,25,42441,Employed,LowEducation
P278,43,29666,Employed,LowEducation
P279,19,3743,NotWorking,Bachelor
P280,63,11103,Employed,Bachelor
P281,57,16864,Employed,Bachelor
P282,45,45294,Employed,Postgraduate
P283,44,27391,Employed,Postgraduate
P284,21,10061,Employed,Postgraduate
P285,27,15412,Employed,Bachelor
P286,28,19276,Employed,LowEducation
P287,45,297417,Employed,Postgraduate
P288,43,291046,Employed,Postgraduate
P289,48,45192,Employed,Postgraduate
P290,46,90839,Employed,Postgraduate
P291,45,40107,Employed,Bachelor
P292,53,106805,Employed,Postgraduate
P293,50,12184,Employed,Postgraduate
P294,58,128956,Employed,Postgraduate
P295,42,78328,Employed,Postgraduate
P296,56,31709,Employed,Bachelor
P297,64,11319,Employed,Postgraduate
P298,47,12032,Employed,Postgraduate
P299,57,20439,Employed,Postgraduate
P300,51,51424,Employed,Postgraduate
P301,18,7955,Employed,Bachelor
P302,63,21683,Employed,Bachelor
P303,24,35188,Employed,Postgraduate
P304,59,55430,Employed,Postgraduate
P305,60,23037,Employed,Postgraduate
P306,26,11907,Employed,Postgraduate
P307,21,1218,NotWorking,Postgraduate
P308,56,106376,Employed,Postgraduate
P309,46,36205,Unemployed,Bachelor
P310,59,22002,Employed,Bachelor
P311,53,8700,NotWorking,LowEducation
P312,38,8274,Employed,Postgraduate
P313,46,38462,Employed,Postgraduate
P314,20,3236,Unemployed,Bachelor
P315,61,30745,Employed,Postgraduate
P316,37,31696,Employed,Postgraduate
P317,56,146921,Employed,Postgraduate
P318,60,6597,Employed,Postgraduate
P319,20,8149,Employed,Postgraduate
P320,32,34000,Employed,Bachelor
P321,30,87956,Employed,Postgraduate
P322,30,53536,Employed,Postgraduate
P323,70,12576,Employed,Bachelor
P324,28,30786,Employed,Postgraduate
P325,46,24136,Employed,Bachelor
P326,26,4238,Employed,Bachelor
P327,21,5690,Employed,LowEducation
P328,19,6685,Unemployed,Bachelor
P329,42,46404,Employed,Bachelor
P330,46,17667,Employed,Bachelor
P331,57,68379,Employed,Postgraduate
P332,31,2019,Unemployed,Postgraduate
P333,53,29802,Employed,Bachelor
P334,54,30702,Employed,Bachelor
P335,40,21254,Employed,Postgraduate
P336,37,14309,Employed,Bachelor
P337,33,39475,Employed,LowEducation
P338,29,470,Employed,Bachelor
P339,45,63955,Employed,Postgraduate
P340,23,26662,Employed,Bachelor
P341,35,5227,NotWorking,LowEducation
P342,33,15823,Employed,Bachelor
P343,44,51017,Employed,Postgraduate
P344,49,49234,Employed,Postgraduate
P345,35,36025,Employed,LowEducation
P346,44,52076,Employed,Bachelor
P347,41,5029,Employed,Bachelor
P348,49,71004,NotWorking,Bachelor
P349,51,26998,NotWorking,Bachelor
P350,30,56519,Employed,Postgraduate
P351,34,53736,Employed,Postgraduate
P352,59,24196,Employed,Bachelor
P353,36,18710,Employed,Postgraduate
P354,57,36976,Employed,Postgraduate
P355,31,29532,Employed,Bachelor
P356,26,5981,NotWorking,Postgraduate
P357,32,50159,Employed,Bachelor
P358,21,2718,Employed,Postgraduate
P359,35,13636,NotWorking,Bachelor
P360,19,874,NotWorking,Bachelor
P361,46,39113,Employed,Postgraduate
P362,25,1918,NotWorking,Bachelor
P363,27,31045,Employed,Postgraduate
P364,24,29602,Employed,Postgraduate
P365,32,4946,Unemployed,Postgraduate
P366,68,7409,Employed,Bachelor
P367,54,284845,Employed,Postgraduate
P368,39,183245,Employed,Postgraduate
P369,39,196,NotWorking,Postgraduate
P370,66,5974,NotWorking,Bachelor
P371,25,19076,Employed,Postgraduate
P372,22,17283,Unemployed,Postgraduate
P373,60,8189,Employed,Bachelor
P374,45,9480,Employed,Bachelor
P375,41,81136,Employed,Postgraduate
P376,36,43391,Employed,Postgraduate
P377,33,31282,Employed,LowEducation
P378,34,7429,Employed,Bachelor
P379,45,12048,Employed,Bachelor
P380,22,14912,Employed,Bachelor
P381,46,25453,Employed,Bachelor
P382,43,39123,Employed,Postgraduate
P383,54,26532,Employed,Postgraduate
P384,23,22805,Employed,Postgraduate
P385,46,16677,NotWorking,LowEducation
P386,22,4543,Employed,Postgraduate
P387,21,16775,Employed,Postgraduate
P388,26,41536,Employed,Postgraduate
P389,27,14091,Employed,Postgraduate
P390,44,45842,Employed,Bachelor
P391,20,128,Employed,Postgraduate
P392,46,42285,Employed,Bachelor
P393,50,36965,Employed,Bachelor
P394,37,3467,Employed,Bachelor
P395,32,5809,Employed,Bachelor
P396,54,44638,Employed,Postgraduate
P397,32,34885,Employed,Bachelor
P398,56,15058,Employed,Bachelor
P399,33,15620,Employed,LowEducation
P400,31,8555,Employed,Bachelor
P401,27,12640,Employed,LowEducation
P402,34,14101,Employed,LowEducation
P403,35,6488,Employed,Bachelor
P404,48,3045,Employed,Postgraduate
P405,54,54543,Employed,Postgraduate
P406,55,24435,Employed,Bachelor
P407,18,579,Unemployed,Bachelor
P408,58,43971,Employed,LowEducation
P409,49,16530,Employed,Bachelor
P410,44,17939,Employed,LowEducation
P411,28,31357,Employed,Bachelor
P412,45,21627,Employed,Bachelor
P413,25,637,Unemployed,LowEducation
P414,70,5706,NotWorking,Bachelor
P415,43,37385,Employed,Postgraduate
P416,39,83582,Employed,Postgraduate
P417,40,1953,Employed,Bachelor
P418,54,46058,Employed,Postgraduate
P419,18,3853,Unemployed,Bachelor
P420,27,39365,Employed,Postgraduate
P421,23,12083,Employed,Postgraduate
P422,24,21256,Employed,LowEducation
P423,23,1121,Employed,LowEducation
P424,27,51455,Employed,Bachelor
P425,33,7002,Unemployed,Bachelor
P426,27,25207,Employed,Bachelor
P427,59,56193,Employed,Postgraduate
P428,37,109445,Employed,Postgraduate
P429,43,21992,Employed,LowEducation
P430,43,23992,Employed,Bachelor
P431,18,2437,Unemployed,Bachelor
P432,48,34054,Employed,Postgraduate
P433,45,75579,Employed,LowEducation
P434,36,9388,NotWorking,LowEducation
P435,50,11427,Employed,Bachelor
P436,52,17518,Employed,Bachelor
P437,25,461,Employed,LowEducation
P438,45,64049,Employed,Bachelor
P439,45,2027,Employed,Bachelor
P440,20,1067,Employed,LowEducation
P441,21,3129,Employed,LowEducation
P442,43,33251,Employed,LowEducation
P443,41,16904,Employed,Bachelor
P444,39,10640,Employed,Postgraduate
P445,49,55367,Employed,Postgraduate
P446,69,8620,Unemployed,Bachelor
P447,34,45187,Employed,Bachelor
P448,70,21014,Employed,Postgraduate
P449,70,2778,Employed,Bachelor
P450,28,38798,Employed,Postgraduate
P451,59,3807,Employed,Bachelor
P452,46,68626,Employed,Postgraduate
P453,48,26932,Employed,Bachelor
P454,54,27589,Employed,Bachelor
P455,64,10896,NotWorking,Bachelor
P456,45,76134,Employed,Postgraduate
P457,40,29616,Employed,Postgraduate
P458,53,14489,Employed,Bachelor
P459,62,26012,Employed,Bachelor
P460,47,10579,Employed,Bachelor
P461,40,385,NotWorking,Postgraduate
P462,23,7039,Employed,Postgraduate
P463,53,6631,Employed,Bachelor
P464,45,14636,Employed,Postgraduate
P465,35,51353,Employed,Postgraduate
P466,35,45060,Employed,Postgraduate
P467,54,23407,Employed,Bachelor
P468,20,4094,Employed,Bachelor
P469,19,1098,Unemployed,Bachelor
P470,52,57370,Employed,Postgraduate
P471,55,11870,Employed,Bachelor
P472,23,21734,Employed,Bachelor
P473,54,40640,Employed,Postgraduate
P474,21,5030,Employed,Postgraduate
P475,39,19650,Employed,LowEducation
P476,35,23824,Employed,LowEducation
P477,53,5013,Employed,Postgraduate
P478,58,41490,Employed,Postgraduate
P479,48,67802,Employed,Postgraduate
P480,50,23447,Employed,Postgraduate
P481,38,18027,Employed,LowEducation
P482,48,14238,Employed,LowEducation
P483,19,1865,NotWorking,Bachelor
P484,57,23248,Employed,Postgraduate
P485,41,24735,Employed,Bachelor
P486,47,75097,Employed,Postgraduate
P487,51,13894,Employed,Bachelor
P488,50,44584,Employed,Bachelor
P489,63,27103,Employed,Postgraduate
P490,53,25070,Employed,Bachelor
P491,49,30298,Employed,Bachelor
P492,23,20843,Employed,Postgraduate
P493,27,20988,Employed,Bachelor
P494,28,9377,Unemployed,Bachelor
P495,31,27007,Employed,LowEducation
P496,21,7939,NotWorking,LowEducation
P497,50,81505,Employed,Postgraduate
P498,49,42383,Employed,Postgraduate
P499,20,473,NotWorking,Bachelor
P500,18,1377,NotWorking,LowEducation
P501,65,14137,Employed,LowEducation
P502,51,50881,NotWorking,Bachelor
P503,28,26291,Employed,Postgraduate
P504,30,37097,Employed,Postgraduate
P505,43,86813,Employed,Postgraduate
P506,39,24961,Employed,Postgraduate
P507,28,33589,Employed,Postgraduate
P508,33,73354,Employed,Postgraduate
P509,34,54551,Employed,Postgraduate
P510,44,45747,Employed,Postgraduate
P511,35,13115,Employed,Postgraduate
P512,37,43104,Employed,LowEducation
P513,58,19966,Employed,Bachelor
P514,30,38843,NotWorking,Bachelor
P515,32,49077,Employed,Postgraduate
P516,28,999,Employed,Bachelor
P517,24,8471,NotWorking,Postgraduate
P518,25,1505,NotWorking,Postgraduate
P519,20,899,NotWorking,Postgraduate
P520,60,9645,Employed,Postgraduate
P521,36,54803,Employed,Bachelor
P522,34,4403,NotWorking,Postgraduate
P523,51,40658,Employed,LowEducation
P524,44,32001,Employed,Postgraduate
P525,29,19815,Employed,Bachelor
P526,65,13459,Employed,Postgraduate
P527,30,109471,Employed,Postgraduate
P528,63,56629,Employed,Postgraduate
P529,48,36140,Employed,Bachelor
P530,67,32383,Employed,Bachelor
P531,60,65702,Employed,Postgraduate
P532,59,24674,Employed,Postgraduate
P533,38,16702,Employed,Postgraduate
P534,44,9456,Employed,Bachelor
P535,20,2926,Employed,Postgraduate
P536,37,52422,Employed,Bachelor
P537,38,32461,Employed,Bachelor
P538,29,14380,Employed,Postgraduate
P539,58,18659,Employed,LowEducation
P540,65,12733,NotWorking,Postgraduate
P541,64,70204,NotWorking,LowEducation
P542,49,142897,Employed,Postgraduate
P543,49,56608,Employed,Postgraduate
P544,21,5334,Employed,Postgraduate
P545,57,8130,Employed,Bachelor
P546,56,2597,Employed,Postgraduate
P547,70,6395,Employed,Postgraduate
P548,52,10585,Employed,Postgraduate
P549,57,35881,Employed,Postgraduate
P550,48,21787,Employed,Bachelor
P551,45,40765,Employed,Postgraduate
P552,50,2823,NotWorking,Bachelor
P553,58,3075,Employed,Bachelor
P554,28,33405,Employed,Postgraduate
P555,44,35001,Employed,LowEducation
P556,35,18663,Employed,Postgraduate
P557,22,17865,Employed,Bachelor
P558,57,281613,Employed,Postgraduate
P559,46,31078,Employed,Postgraduate
P560,46,31096,Employed,Postgraduate
P561,55,26821,Employed,Bachelor
P562,62,129349,Employed,Postgraduate
P563,60,30376,Employed,Bachelor
P564,70,13623,Employed,Bachelor
P565,53,118806,Employed,Postgraduate
P566,21,3616,Employed,Postgraduate
P567,50,18270,Employed,Bachelor
P568,46,41439,Employed,Bachelor
P569,62,25314,Employed,Bachelor
P570,37,37621,Employed,Postgraduate
P571,30,17858,Employed,Bachelor
P572,43,15742,Employed,Bachelor
P573,23,2989,Unemployed,LowEducation
P574,48,19831,Employed,Postgraduate
P575,52,29379,Employed,LowEducation
P576,45,36919,Employed,LowEducation
P577,66,173657,Employed,Postgraduate
P578,26,20136,Employed,Postgraduate
P579,26,315,Unemployed,Postgraduate
P580,60,29050,Employed,Postgraduate
P581,42,72598,Employed,Bachelor
P582,37,18213,Employed,Postgraduate
P583,22,1718,NotWorking,Postgraduate
P584,30,40641,Employed,Postgraduate
P585,30,38300,NotWorking,Postgraduate
P586,50,24000,Employed,Bachelor
P587,35,46719,Employed,Bachelor
P588,37,25983,Employed,Postgraduate
P589,20,17108,Employed,Bachelor
P590,47,42389,Employed,Postgraduate
P591,42,14202,Employed,Bachelor
P592,39,10039,NotWorking,LowEducation
P593,25,59646,Employed,Postgraduate
P594,25,24736,Employed,Postgraduate
P595,18,1091,NotWorking,Bachelor
P596,23,48914,Employed,Postgraduate
P597,21,40588,Employed,Postgraduate
P598,54,52173,Employed,Bachelor
P599,26,32398,Employed,Postgraduate
P600,52,79808,Employed,Bachelor
P601,53,21920,Employed,Postgraduate
P602,52,17529,Employed,Bachelor
P603,67,3898,Employed,Bachelor
P604,25,27378,NotWorking,Postgraduate
P605,37,21196,Employed,Bachelor
P606,40,16450,Employed,Bachelor
P607,21,7007,Employed,Bachelor
P608,57,27282,NotWorking,Postgraduate
P609,65,60981,Employed,Postgraduate
P610,70,301366,Employed,Postgraduate
P611,70,11306,Employed,Postgraduate
P612,40,34957,Employed,Postgraduate
P613,43,20005,Employed,Postgraduate
P614,44,12125,Employed,Postgraduate
P615,43,77919,Employed,Postgraduate
P616,40,10696,Employed,Postgraduate
P617,21,1174,NotWorking,Bachelor
P618,57,10218,Employed,Bachelor
P619,61,53811,Employed,Bachelor
P620,52,41343,Employed,Postgraduate
P621,30,31759,Employed,LowEducation
P622,22,2728,Unemployed,LowEducation
P623,52,27490,Employed,Bachelor
P624,44,38591,Employed,Postgraduate
P625,36,22895,Employed,Bachelor
P626,60,8444,Employed,Bachelor
P627,45,25401,Employed,Postgraduate
P628,51,1282,Employed,Postgraduate
P629,51,36025,Employed,Postgraduate
P630,27,18619,Unemployed,Postgraduate
P631,27,21265,Employed,Bachelor
P632,62,5435,Employed,LowEducation
P633,40,63211,Employed,Bachelor
P634,40,7330,Employed,Bachelor
P635,52,117128,Employed,Postgraduate
P636,61,57705,Employed,Postgraduate
P637,58,33696,Employed,Postgraduate
P638,40,76484,Employed,Postgraduate
P639,43,23528,Employed,Postgraduate
P640,48,25957,Employed,Bachelor
P641,47,2817,NotWorking,Bachelor
P642,55,10208,Employed,Bachelor
P643,18,930,NotWorking,Bachelor
P644,52,21994,Employed,Bachelor
P645,49,29545,Employed,Postgraduate
P646,45,31079,Employed,Postgraduate
P647,18,5102,Employed,LowEducation
P648,18,1439,Employed,Bachelor
P649,23,27954,Employed,Bachelor
P650,23,24236,Employed,Bachelor
P651,40,5415,Employed,Bachelor
P652,34,6457,Employed,LowEducation
P653,34,31520,Employed,Postgraduate
P654,54,62917,Employed,Postgraduate
P655,48,26934,Employed,Bachelor
P656,56,10355,Employed,Bachelor
P657,57,89354,Employed,Postgraduate
P658,56,26647,Employed,Postgraduate
P659,20,33834,Employed,Postgraduate
P660,54,24735,Employed,LowEducation
P661,43,12718,Employed,Postgraduate
P662,19,5391,NotWorking,Bachelor
P663,31,25135,Employed,Bachelor
P664,33,18070,Employed,Postgraduate
P665,70,19531,Employed,Bachelor
P666,28,27374,Employed,LowEducation
P667,29,31157,Employed,Bachelor
P668,28,33062,Employed,Bachelor
P669,27,9938,Employed,Bachelor
P670,48,54891,Employed,Bachelor
P671,46,20023,Employed,Postgraduate
P672,20,6669,Employed,Bachelor
P673,40,42065,Employed,Bachelor
P674,18,2959,Employed,Postgraduate
P675,45,36371,Employed,Bachelor
P676,45,29983,Employed,Bachelor
P677,34,5709,NotWorking,LowEducation
P678,42,6792,Employed,Postgraduate
P679,28,2493,NotWorking,Postgraduate
P680,18,4081,Employed,Bachelor
P681,51,55096,Employed,Postgraduate
P682,47,8260,Unemployed,Postgraduate
P683,42,35523,Employed,Bachelor
P684,28,7708,Unemployed,Bachelor
P685,18,6560,Unemployed,Bachelor
P686,26,13909,Employed,Bachelor
P687,66,1271,NotWorking,Bachelor
P688,29,63096,Employed,Postgraduate
P689,30,42271,Employed,Postgraduate
P690,70,534,NotWorking,Bachelor
P691,27,53713,Employed,Postgraduate
P692,52,39805,Employed,Bachelor
P693,46,13426,Employed,Bachelor
P694,21,14282,NotWorking,LowEducation
P695,44,52302,Employed,Postgraduate
P696,47,24390,Employed,Postgraduate
P697,18,418,Employed,Bachelor
P698,43,91749,Employed,Postgraduate
P699,23,54421,Employed,Bachelor
P700,21,15596,Employed,Postgraduate
P701,29,37485,Employed,Bachelor
P702,62,9578,Employed,Postgraduate
P703,57,33154,Employed,Postgraduate
P704,43,279465,Employed,Postgraduate
P705,65,5415,Employed,Postgraduate
P706,70,316758,Employed,Postgraduate
P707,55,54693,Employed,Bachelor
P708,67,21215,Employed,LowEducation
P709,22,9671,Employed,Postgraduate
P710,54,19086,Employed,Bachelor
P711,64,18196,Employed,Postgraduate
P712,25,34721,Employed,Postgraduate
P713,29,98366,Employed,Postgraduate
P714,33,48346,Employed,Postgraduate
P715,29,41075,NotWorking,Postgraduate
P716,19,15690,Employed,Bachelor
P717,28,10718,Unemployed,LowEducation
P718,48,73950,Employed,Postgraduate
P719,46,44330,Employed,Postgraduate
P720,50,32255,Employed,Bachelor
P721,45,66521,Employed,Bachelor
P722,40,17681,NotWorking,Bachelor
P723,40,14127,Employed,Bachelor
P724,53,30824,Employed,Bachelor
P725,54,8191,Employed,Bachelor
P726,52,23549,Employed,Bachelor
P727,70,5165,Employed,Bachelor
P728,57,10306,Employed,Bachelor
P729,41,97094,Employed,Postgraduate
P730,41,24570,Employed,Postgraduate
P731,56,99244,NotWorking,Bachelor
P732,27,65479,Employed,Postgraduate
P733,51,50158,Employed,Postgraduate
P734,52,41758,Employed,Postgraduate
P735,50,42205,Employed,Postgraduate
P736,25,22032,Employed,Bachelor
P737,55,38420,NotWorking,Bachelor
P738,41,45553,Employed,Postgraduate
P739,19,6632,Employed,Postgraduate
P740,25,9201,Employed,Postgraduate
P741,45,36842,Employed,Postgraduate
P742,34,19828,Employed,Postgraduate
P743,31,47901,Employed,LowEducation
P744,28,35734,Employed,Postgraduate
P745,59,24881,Employed,Bachelor
P746,26,37226,Employed,Bachelor
P747,31,60206,Employed,Bachelor
P748,19,3954,Employed,Bachelor
P749,49,18552,Employed,Bachelor
P750,70,13160,Employed,Bachelor
P751,30,20471,Employed,Bachelor
P752,35,20790,Employed,Bachelor
P753,52,58680,NotWorking,Postgraduate
P754,26,15233,Employed,Postgraduate
P755,35,20492,Employed,Bachelor
P756,18,5146,Employed,Bachelor
P757,48,5617,Employed,Postgraduate
P758,38,109448,Employed,Postgraduate
P759,60,16857,Employed,Postgraduate
P760,58,12906,Employed,Bachelor
P761,46,34701,Employed,Bachelor
P762,62,31732,Employed,Postgraduate
P763,53,57476,Employed,LowEducation
P764,60,19632,Employed,Bachelor
P765,41,35568,Employed,Postgraduate
P766,33,5813,NotWorking,Postgraduate
P767,31,53313,Employed,Bachelor
P768,53,19197,Employed,Bachelor
P769,52,2818,Employed,Postgraduate
P770,41,34473,Employed,Bachelor
P771,39,51441,Employed,Bachelor
P772,20,6538,Employed,Bachelor
P773,51,38769,Employed,Bachelor
P774,49,28760,Employed,Bachelor
P775,62,62060,Employed,Bachelor
P776,60,327871,Employed,Postgraduate
P777,52,12006,Employed,Bachelor
P778,70,26360,Employed,LowEducation
P779,66,4998,Employed,Bachelor
P780,45,11894,Employed,Postgraduate
P781,43,33276,Employed,LowEducation
P782,33,18351,Employed,Postgraduate
P783,68,31852,Employed,Postgraduate
P784,63,18518,Employed,Postgraduate
P785,26,9259,Employed,Bachelor
P786,51,187,Unemployed,Postgraduate
P787,41,12907,Employed,Bachelor
P788,62,42687,Employed,Postgraduate
P789,59,26001,Employed,Postgraduate
P790,40,15136,Employed,Bachelor
P791,21,6183,Employed,Postgraduate
P792,20,3771,NotWorking,Postgraduate
P793,53,20852,Employed,Bachelor
P794,56,44417,Employed,Bachelor
P795,51,38466,Employed,Postgraduate
P796,24,5234,Unemployed,Bachelor
P797,19,5601,Unemployed,Bachelor
P798,28,10107,Employed,Bachelor
P799,54,39335,Employed,Postgraduate
P800,49,23097,Employed,Postgraduate
P801,25,10245,Employed,Bachelor
P802,26,10300,Employed,Bachelor
P803,62,19032,Employed,Bachelor
P804,62,22453,Employed,LowEducation
P805,38,60746,Employed,Postgraduate
P806,38,18,NotWorking,Postgraduate
P807,44,252,Employed,Bachelor
P808,23,7589,Employed,Bachelor
P809,23,7845,Employed,LowEducation
P810,18,5641,Employed,Bachelor
P811,43,41999,Employed,LowEducation
P812,22,42122,Employed,Postgraduate
P813,47,42348,Employed,Postgraduate
P814,58,27259,Employed,Postgraduate
P815,70,2036,Employed,Bachelor
P816,61,9049,Employed,Bachelor
P817,26,12286,Employed,Bachelor
P818,29,46293,Employed,Bachelor
P819,24,29769,Employed,Postgraduate
P820,18,33216,Employed,Bachelor
P821,24,4260,NotWorking,Bachelor
P822,65,105007,Employed,Postgraduate
P823,58,22017,Employed,Bachelor
P824,46,4122,Unemployed,LowEducation
P825,61,45215,Employed,Postgraduate
P826,42,17266,Employed,Postgraduate
P827,48,37424,Employed,Bachelor
P828,45,297,Employed,Bachelor
P829,19,971,Unemployed,Bachelor
P830,43,15195,Employed,LowEducation
P831,27,28129,Employed,Postgraduate
P832,42,90611,Employed,Postgraduate
P833,63,26829,Employed,Bachelor
P834,57,40513,Employed,Postgraduate
P835,18,273,NotWorking,Bachelor
P836,23,2606,Employed,Postgraduate
P837,29,26258,Employed,Postgraduate
P838,50,1031,NotWorking,Postgraduate
P839,27,29256,Employed,Postgraduate
P840,50,33458,Employed,Postgraduate
P841,45,29236,Employed,Bachelor
P842,44,28653,Employed,Bachelor
P843,37,316515,Employed,Postgraduate
P844,34,28878,Employed,Postgraduate
P845,34,59127,Employed,Postgraduate
P846,32,1474,Employed,Bachelor
P847,47,50581,Employed,Postgraduate
P848,48,23861,Employed,Postgraduate
P849,31,28147,Employed,Postgraduate
P850,31,34506,Employed,LowEducation
P851,38,29779,Employed,Bachelor
P852,18,10384,Unemployed,Bachelor
P853,20,381,Employed,Bachelor
P854,25,46919,Employed,Postgraduate
P855,24,14453,Employed,Postgraduate
P856,70,12854,Employed,Bachelor
P857,61,21544,Employed,Postgraduate
P858,61,45966,Employed,Postgraduate
P859,39,60089,Employed,Postgraduate
P860,33,14370,Employed,Bachelor
P861,32,18038,Employed,Bachelor
P862,56,15420,Employed,Bachelor
P863,58,5216,Unemployed,LowEducation
P864,46,39970,Employed,Postgraduate
P865,47,20205,Employed,Postgraduate
P866,39,19995,Employed,LowEducation
P867,62,13686,NotWorking,Postgraduate
P868,59,37722,Employed,Bachelor
P869,22,1687,NotWorking,Postgraduate
P870,69,11148,Employed,Bachelor
P871,34,49755,Employed,Postgraduate
P872,38,19140,Employed,Bachelor
P873,54,26755,Employed,Postgraduate
P874,22,26994,Employed,Bachelor
P875,19,19846,Employed,Postgraduate
P876,42,64111,Employed,Bachelor
P877,38,55386,Employed,Postgraduate
P878,19,4899,Employed,Bachelor
P879,42,80009,Employed,Postgraduate
P880,42,33491,Employed,Postgraduate
P881,20,984,Unemployed,Bachelor
P882,70,11120,Employed,Bachelor
P883,30,23863,Unemployed,Postgraduate
P884,26,15898,Employed,Postgraduate
P885,45,43202,Unemployed,Postgraduate
P886,41,24221,Employed,Bachelor
P887,53,41974,Employed,Postgraduate
P888,49,15058,Employed,Bachelor
P889,65,2104,Employed,Postgraduate
P890,62,17945,Employed,Bachelor
P891,60,15874,Employed,LowEducation
P892,38,10299,Employed,Bachelor
P893,37,12628,Employed,Bachelor
P894,44,48552,Employed,Postgraduate
P895,43,76249,Employed,Postgraduate
P896,64,94649,Employed,Postgraduate
P897,31,459,Unemployed,Postgraduate
P898,36,65677,Employed,Bachelor
P899,31,1811,Employed,Bachelor
P900,44,50004,Employed,Postgraduate
P901,39,107419,Employed,Postgraduate
P902,39,11390,Employed,Postgraduate
P903,48,24925,Employed,Postgraduate
P904,46,32121,NotWorking,Bachelor
P905,57,22342,Employed,Bachelor
P906,34,129763,Employed,Bachelor
P907,52,16042,Employed,LowEducation
P908,29,43740,Employed,Postgraduate
P909,41,46726,Employed,Postgraduate
P910,22,7043,NotWorking,LowEducation
P911,19,5442,Employed,LowEducation
P912,61,21543,Employed,Postgraduate
P913,18,1075,NotWorking,LowEducation
P914,33,45413,Employed,Bachelor
P915,58,16311,Employed,Bachelor
P916,60,59220,Employed,Bachelor
P917,45,47551,Employed,Bachelor
P918,45,54468,Employed,Bachelor
P919,57,17282,Employed,LowEducation
P920,22,584,NotWorking,Postgraduate
P921,25,6136,Employed,Postgraduate
P922,69,28603,Employed,Bachelor
P923,33,58203,Employed,Postgraduate
P924,31,58087,Employed,Postgraduate
P925,21,5449,Employed,Bachelor
P926,50,16000,Employed,LowEducation
P927,42,29745,Employed,Postgraduate
P928,39,18985,Employed,Bachelor
P929,54,12545,Employed,LowEducation
P930,36,15799,Employed,LowEducation
P931,35,48937,Employed,Postgraduate
P932,38,52259,Employed,Postgraduate
P933,46,5386,Employed,Postgraduate
P934,39,31923,Employed,LowEducation
P935,56,62894,Employed,Postgraduate
P936,55,23252,Employed,Postgraduate
P937,32,26982,Employed,Postgraduate
P938,23,4945,Employed,Postgraduate
P939,31,36422,Employed,Postgraduate
P940,33,33788,Employed,Bachelor
P941,29,12158,Employed,Bachelor
P942,40,21234,Employed,Postgraduate
P943,52,37147,Employed,Bachelor
P944,51,24617,Employed,Bachelor
P945,30,16491,Employed,Bachelor
P946,29,19571,Employed,Postgraduate
P947,40,17871,Employed,Postgraduate
P948,56,27789,Employed,Postgraduate
P949,51,12228,Employed,Postgraduate
P950,36,64370,Unemployed,Postgraduate
P951,70,58795,Employed,Postgraduate
P952,61,47701,Employed,Postgraduate
P953,23,12699,Employed,Bachelor
P954,52,106027,Employed,Postgraduate
P955,48,42348,Employed,Bachelor
P956,52,38223,Employed,Bachelor
P957,27,18306,NotWorking,Bachelor
P958,22,5332,Unemployed,LowEducation
P959,45,47366,Employed,Bachelor
P960,50,40984,Employed,Bachelor
P961,30,54909,Employed,Postgraduate
P962,33,31177,Employed,Bachelor
P963,37,25973,Employed,Postgraduate
P964,38,27936,Employed,Postgraduate
P965,52,83749,Employed,Postgraduate
P966,49,61734,Employed,Postgraduate
P967,64,35970,NotWorking,Bachelor
P968,20,925,NotWorking,Bachelor
P969,70,16006,Employed,LowEducation
P970,35,25985,Employed,Postgraduate
P971,41,3889,Unemployed,Postgraduate
P972,45,6578,Employed,Bachelor
P973,28,29484,Employed,Bachelor
P974,27,29360,Employed,Bachelor
P975,29,43115,Employed,Bachelor
P976,48,66363,Employed,Postgraduate
P977,40,17033,Employed,Bachelor
P978,20,15317,Employed,Bachelor
P979,55,27762,NotWorking,LowEducation
P980,21,2813,Employed,Postgraduate
P981,29,16350,Employed,Bachelor
P982,32,11246,Employed,Bachelor
P983,38,64520,Employed,Postgraduate
P984,26,21957,Employed,Bachelor
P985,26,9411,Employed,Postgraduate
P986,59,34217,Employed,Postgraduate
P987,52,104327,Employed,Postgraduate
P988,52,9426,Employed,Bachelor
P989,31,20603,Employed,Postgraduate
P990,42,33214,Employed,Postgraduate
P991,45,9498,Employed,Bachelor
P992,40,19372,Employed,Bachelor
P993,29,24141,Employed,Bachelor
P994,52,56719,Employed,Bachelor
P995,54,27141,Employed,Postgraduate
P996,47,44734,Employed,Postgraduate
P997,20,1847,Unemployed,Bachelor
P998,45,328021,Employed,Postgraduate
P999,47,134432,Employed,Postgraduate
P1000,42,6410,Employed,Postgraduate
P1001,19,2512,NotWorking,Postgraduate
P1002,44,22376,Employed,LowEducation
P1003,42,7892,Unemployed,LowEducation
P1004,46,39430,Employed,Bachelor
P1005,43,5342,Employed,Bachelor
P1006,46,5273,Employed,Postgraduate
P1007,18,39645,Employed,Postgraduate
P1008,19,25729,Employed,Postgraduate
P1009,65,1031,NotWorking,Bachelor
P1010,70,3600,Employed,LowEducation
P1011,58,91314,Employed,Postgraduate
P1012,46,17490,Employed,Bachelor
P1013,49,3560,Employed,Postgraduate
P1014,34,14566,Employed,Bachelor
P1015,62,78882,Employed,Postgraduate
P1016,26,18260,NotWorking,Bachelor
P1017,30,17860,NotWorking,Postgraduate
P1018,23,426,NotWorking,Bachelor
P1019,22,21076,Employed,Bachelor
P1020,33,24077,Employed,Bachelor
P1021,28,37132,Employed,Postgraduate
P1022,45,10950,Employed,Bachelor
P1023,31,13672,Employed,Bachelor
P1024,68,41470,Employed,Postgraduate
P1025,69,9796,Unemployed,Bachelor
P1026,35,35773,Employed,Postgraduate
P1027,60,14254,Employed,Postgraduate
P1028,56,31674,Employed,Bachelor
P1029,54,23797,Employed,Bachelor
P1030,44,23580,Employed,Postgraduate
P1031,25,9569,Employed,Bachelor
P1032,56,2775,NotWorking,Postgraduate
P1033,25,3233,Employed,Postgraduate
P1034,23,12718,Employed,Postgraduate
P1035,23,17155,Employed,Postgraduate
P1036,32,17048,Employed,Postgraduate
P1037,70,25382,Employed,Postgraduate
P1038,70,2886,Employed,Bachelor
P1039,67,49596,Employed,Postgraduate
P1040,63,63759,Employed,Postgraduate
P1041,30,29415,Employed,Postgraduate
P1042,27,1003,NotWorking,LowEducation
P1043,32,37318,Employed,Postgraduate
P1044,37,48112,Employed,Postgraduate
P1045,35,3584,NotWorking,LowEducation
P1046,29,55884,Employed,Bachelor
P1047,26,7381,Employed,Bachelor
P1048,56,19150,Employed,Bachelor
P1049,56,10128,Employed,Bachelor
P1050,29,40312,Employed,Postgraduate
P1051,29,27116,Employed,Postgraduate
P1052,47,68138,Employed,Postgraduate
P1053,45,61315,Employed,Postgraduate
P1054,43,14949,Unemployed,Bachelor
P1055,28,5494,Employed,Bachelor
P1056,34,4692,Employed,LowEducation
P1057,26,18545,Employed,Bachelor
P1058,33,3796,Employed,Postgraduate
P1059,27,54531,Employed,Postgraduate
P1060,70,24600,NotWorking,Bachelor
P1061,48,52738,Employed,Bachelor
P1062,44,54716,Employed,Postgraduate
P1063,61,33486,Employed,Bachelor
P1064,28,25788,Employed,Postgraduate
P1065,30,39391,Employed,Bachelor
P1066,32,20759,Employed,Postgraduate
P1067,31,9480,Employed,Bachelor
P1068,18,3464,NotWorking,Bachelor
P1069,49,4485,NotWorking,LowEducation
P1070,54,6364,Employed,LowEducation
P1071,55,40276,Employed,Bachelor
P1072,55,81566,Employed,Postgraduate
P1073,22,2091,NotWorking,Postgraduate
P1074,32,100223,Employed,Postgraduate
P1075,41,91837,Employed,Postgraduate
P1076,23,3718,Employed,Postgraduate
P1077,20,12063,Employed,Postgraduate
P1078,57,98299,Employed,Postgraduate
P1079,52,15331,NotWorking,Postgraduate
P1080,37,39330,Employed,Postgraduate
P1081,22,9324,Employed,Postgraduate
P1082,44,55579,Employed,Bachelor
P1083,44,27958,Employed,Postgraduate
P1084,19,2672,Employed,Postgraduate
P1085,30,18524,Employed,Postgraduate
P1086,38,7753,Employed,Bachelor
P1087,22,15730,Employed,Bachelor
P1088,24,14994,Employed,Bachelor
P1089,18,19863,Employed,Bachelor
P1090,23,2445,NotWorking,Postgraduate
P1091,20,440,Unemployed,Postgraduate
P1092,48,91329,Employed,Postgraduate
P1093,61,11885,NotWorking,Bachelor
P1094,49,569,Employed,Postgraduate
P1095,27,32298,Employed,Postgraduate
P1096,49,53276,Employed,Bachelor
P1097,23,18479,Employed,Postgraduate
P1098,45,36321,Employed,Postgraduate
P1099,33,19356,Employed,Postgraduate
P1100,25,14563,Employed,Bachelor
P1101,45,36522,Employed,Postgraduate
P1102,53,44870,Employed,Postgraduate
P1103,22,24367,Employed,Postgraduate
P1104,18,17798,Employed,Bachelor
P1105,69,13552,Employed,Bachelor
P1106,46,29185,Employed,Bachelor
P1107,58,295521,Employed,Postgraduate
P1108,52,38108,Employed,Postgraduate
P1109,25,3732,Employed,Postgraduate
P1110,31,23468,Employed,Postgraduate
P1111,30,46763,Employed,Bachelor
P1112,53,35801,Employed,Postgraduate
P1113,51,44781,Employed,Bachelor
P1114,28,43924,Employed,Postgraduate
P1115,27,14573,Employed,Postgraduate
P1116,70,1295,Employed,Bachelor
P1117,70,30544,Employed,Bachelor
P1118,20,1859,NotWorking,LowEducation
P1119,58,25147,Employed,LowEducation
P1120,60,4539,NotWorking,Bachelor
P1121,43,44221,Employed,LowEducation
P1122,59,60950,Employed,Postgraduate
P1123,50,21918,Employed,Postgraduate
P1124,47,13128,Employed,Bachelor
P1125,52,103451,Employed,Bachelor
P1126,34,36941,Employed,Postgraduate
P1127,44,18041,Employed,Bachelor
P1128,61,22177,Unemployed,LowEducation
P1129,49,52483,Employed,Bachelor
P1130,52,78372,Employed,Bachelor
P1131,41,83465,Employed,Postgraduate
P1132,37,16266,Employed,Bachelor
P1133,22,13401,NotWorking,LowEducation
P1134,22,8557,Employed,LowEducation
P1135,70,3717,NotWorking,Bachelor
P1136,30,28778,Employed,Bachelor
P1137,46,141676,Employed,Postgraduate
P1138,60,15593,Employed,LowEducation
P1139,41,558,NotWorking,Bachelor
P1140,42,33753,Employed,Postgraduate
P1141,45,54320,Employed,Postgraduate
P1142,46,23292,Employed,Postgraduate
P1143,44,22769,Employed,Postgraduate
P1144,47,65695,Employed,Postgraduate
P1145,28,33705,Employed,Postgraduate
P1146,35,34579,Employed,Postgraduate
P1147,60,36302,Employed,Bachelor
P1148,58,16323,Employed,LowEducation
P1149,46,108879,Employed,Postgraduate
P1150,46,2195,Employed,Postgraduate
P1151,35,17003,Employed,Bachelor
P1152,37,43990,Employed,Bachelor
P1153,19,307,Employed,Bachelor
P1154,53,16518,Unemployed,Bachelor
P1155,50,32676,Employed,Postgraduate
P1156,32,25053,Employed,Postgraduate
P1157,30,54719,Employed,Postgraduate
P1158,61,31886,Employed,Postgraduate
P1159,43,29112,NotWorking,Postgraduate
P1160,35,71352,Employed,Postgraduate
P1161,29,10820,Employed,Postgraduate
P1162,52,65124,Employed,LowEducation
P1163,44,64163,Employed,Postgraduate
P1164,22,20997,Employed,Bachelor
P1165,26,33887,Employed,Postgraduate
P1166,30,22353,Employed,Postgraduate
P1167,38,43860,Employed,Postgraduate
P1168,29,39710,Employed,Postgraduate
P1169,31,38015,Employed,Postgraduate
P1170,35,92025,Employed,Bachelor
P1171,42,3145,Employed,Bachelor
P1172,51,26789,Employed,Bachelor
P1173,37,15553,Unemployed,Bachelor
P1174,48,43568,Employed,Postgraduate
P1175,34,17465,Employed,Bachelor
P1176,51,82492,Employed,Postgraduate
P1177,47,19624,Employed,Postgraduate
P1178,24,3637,NotWorking,Postgraduate
P1179,39,25140,Employed,Postgraduate
P1180,19,5100,Employed,LowEducation
P1181,48,26817,Employed,Bachelor
P1182,31,27898,Employed,Bachelor
P1183,24,20762,NotWorking,Bachelor
P1184,46,8077,Employed,Bachelor
P1185,31,28713,Employed,Postgraduate
P1186,32,43159,Unemployed,Postgraduate
P1187,36,54732,NotWorking,Postgraduate
P1188,35,19882,NotWorking,Postgraduate
P1189,36,38271,Employed,Bachelor
P1190,44,19947,Employed,Bachelor
P1191,23,13185,Employed,Bachelor
P1192,58,4375,Employed,Postgraduate
P1193,34,53592,Employed,Postgraduate
P1194,57,32524,Employed,Postgraduate
P1195,39,62860,Employed,Postgraduate
P1196,48,81357,Employed,Postgraduate
P1197,49,47559,Employed,Bachelor
P1198,30,6441,NotWorking,Bachelor
P1199,26,12946,Employed,Bachelor
P1200,42,65217,Employed,Bachelor
P1201,18,8285,Employed,Postgraduate
P1202,59,29820,Employed,Bachelor
P1203,68,23180,Employed,Bachelor
P1204,70,18015,Employed,Bachelor
P1205,45,14400,Employed,Postgraduate
P1206,40,16783,Employed,Postgraduate
P1207,41,29971,Employed,Postgraduate
P1208,44,123905,Employed,Postgraduate
P1209,35,5028,Employed,Postgraduate
P1210,43,65477,Employed,Postgraduate
P1211,52,27268,Employed,Postgraduate
P1212,33,26315,NotWorking,Postgraduate
P1213,25,21948,Employed,Postgraduate
P1214,59,41966,Employed,Postgraduate
P1215,53,3257,Employed,Postgraduate
P1216,22,2529,NotWorking,Postgraduate
P1217,70,39080,Unemployed,Postgraduate
P1218,35,5677,Unemployed,Bachelor
P1219,42,42285,Employed,Bachelor
P1220,54,36472,Employed,Postgraduate
P1221,50,41151,Employed,Bachelor
P1222,36,12435,Employed,Bachelor
P1223,53,19958,Employed,Bachelor
P1224,59,6913,Employed,LowEducation
P1225,30,28334,Employed,Postgraduate
P1226,58,103849,Employed,Postgraduate
P1227,51,71587,Employed,Postgraduate
P1228,24,7774,Employed,Postgraduate
P1229,56,17915,Employed,Bachelor
P1230,51,49382,Employed,Bachelor
P1231,47,45728,Employed,Bachelor
P1232,26,3945,Employed,Bachelor
P1233,43,9132,NotWorking,Bachelor
P1234,27,20529,Employed,Bachelor
P1235,53,28674,Employed,Postgraduate
P1236,51,21487,NotWorking,Postgraduate
P1237,21,184,Unemployed,Postgraduate
P1238,53,62897,Employed,Bachelor
P1239,48,38302,Employed,Postgraduate
P1240,57,41671,Employed,Bachelor
P1241,70,10638,Employed,LowEducation
P1242,36,16655,Employed,Postgraduate
P1243,47,21167,Employed,Bachelor
P1244,70,22405,Employed,Bachelor
P1245,45,20186,Employed,LowEducation
P1246,22,838,Employed,Postgraduate
P1247,39,68113,Employed,Bachelor
P1248,47,2872,NotWorking,LowEducation
P1249,20,10569,Employed,Bachelor
P1250,54,58904,Employed,Postgraduate
P1251,54,100766,Employed,Postgraduate
P1252,69,1323,NotWorking,Bachelor
P1253,36,32589,Employed,Bachelor
P1254,37,21936,Employed,LowEducation
P1255,49,53614,Employed,Bachelor
P1256,56,15278,Employed,LowEducation
P1257,41,28146,Employed,Bachelor
P1258,50,35364,Employed,Bachelor
P1259,52,33966,Employed,Bachelor
P1260,45,69698,Employed,Postgraduate
P1261,42,31122,Employed,Postgraduate
P1262,44,49010,Employed,Postgraduate
P1263,49,73543,Employed,Postgraduate
P1264,50,34527,Employed,Bachelor
P1265,50,17419,NotWorking,LowEducation
P1266,41,54316,Employed,Bachelor
P1267,18,6370,Employed,LowEducation
P1268,42,48725,Employed,Bachelor
P1269,37,16308,Employed,Bachelor
P1270,20,6950,Employed,Bachelor
P1271,59,49079,Employed,Bachelor
P1272,35,18627,Employed,Postgraduate
P1273,35,34882,Employed,Postgraduate
P1274,47,62943,Employed,Postgraduate
P1275,43,41523,Employed,Bachelor
P1276,26,12195,Unemployed,Bachelor
P1277,63,15372,Employed,Postgraduate
P1278,37,84308,Employed,Postgraduate
P1279,39,97191,Employed,Postgraduate
P1280,70,30533,NotWorking,Postgraduate
P1281,28,68181,Employed,Postgraduate
P1282,27,307,NotWorking,Postgraduate
P1283,20,11345,Employed,Bachelor
P1284,43,26975,Employed,Bachelor
P1285,29,22728,Employed,Bachelor
P1286,34,14481,Employed,Bachelor
P1287,51,35388,Employed,Postgraduate
P1288,49,22268,Employed,Postgraduate
P1289,24,11001,Employed,Postgraduate
P1290,45,17543,Employed,Bachelor
P1291,23,17583,NotWorking,LowEducation
P1292,23,31590,Employed,Postgraduate
P1293,55,16253,Employed,Bachelor
P1294,25,20544,Employed,Bachelor
P1295,24,15308,Employed,Postgraduate
P1296,47,8762,Unemployed,LowEducation
P1297,65,14299,Employed,Bachelor
P1298,25,39019,Employed,Bachelor
P1299,24,2079,NotWorking,Postgraduate
P1300,35,57185,Employed,Postgraduate
P1301,65,92389,Employed,Bachelor
P1302,41,56449,Employed,Bachelor
P1303,43,23400,Employed,Bachelor
P1304,22,10856,Employed,Bachelor
P1305,42,37768,Employed,Bachelor
P1306,42,37652,Employed,Bachelor
P1307,35,14188,Employed,Postgraduate
P1308,34,8778,Employed,Bachelor
P1309,41,16151,Unemployed,LowEducation
P1310,46,26283,Employed,Bachelor
P1311,34,21899,Employed,Bachelor
P1312,26,15101,Employed,Postgraduate
P1313,54,117771,Employed,Postgraduate
P1314,51,55203,Employed,Postgraduate
P1315,18,316,NotWorking,Bachelor
P1316,52,51372,Employed,Postgraduate
P1317,49,126921,Employed,Postgraduate
P1318,62,22350,Employed,Bachelor
P1319,22,6414,NotWorking,LowEducation
P1320,38,40292,Employed,Postgraduate
P1321,32,57633,Employed,Bachelor
P1322,33,23860,Employed,Postgraduate
P1323,23,11112,Employed,LowEducation
P1324,23,13074,Employed,LowEducation
P1325,34,11354,Employed,Postgraduate
P1326,57,19120,Employed,Postgraduate
P1327,45,93264,Employed,Postgraduate
P1328,20,3836,Employed,LowEducation
P1329,45,70193,Employed,Bachelor
P1330,51,43013,Employed,Bachelor
P1331,68,50092,Employed,Bachelor
P1332,41,20864,Employed,Bachelor
P1333,66,763,Employed,Postgraduate
P1334,34,62376,Employed,Postgraduate
P1335,39,31091,NotWorking,Bachelor
P1336,30,11701,NotWorking,Bachelor
P1337,40,37220,Employed,Postgraduate
P1338,41,379,NotWorking,Bachelor
P1339,56,2183,Employed,Bachelor
P1340,40,48938,Employed,Postgraduate
P1341,37,65424,Employed,Postgraduate
P1342,55,56497,Employed,Postgraduate
P1343,56,36122,Employed,Postgraduate
P1344,70,31640,Employed,Postgraduate
P1345,42,16344,Employed,Bachelor
P1346,43,20092,Employed,Postgraduate
P1347,18,15481,Employed,Bachelor
P1348,32,33543,Employed,Postgraduate
P1349,31,32275,Employed,Bachelor
P1350,69,13691,Employed,LowEducation
P1351,45,924,NotWorking,LowEducation
P1352,20,853,NotWorking,Bachelor
P1353,46,42861,Employed,Bachelor
P1354,40,3881,Employed,Bachelor
P1355,61,41188,Employed,Bachelor
P1356,59,29458,Employed,Bachelor
P1357,26,15446,Unemployed,Postgraduate
P1358,33,18259,Employed,LowEducation
P1359,28,32373,Employed,Bachelor
P1360,35,56981,Employed,Postgraduate
P1361,28,55541,Employed,Postgraduate
P1362,31,39447,Employed,Postgraduate
P1363,45,16355,Employed,Postgraduate
P1364,41,23332,Employed,Bachelor
P1365,47,56552,Employed,Bachelor
P1366,35,29236,Employed,Bachelor
P1367,61,11504,Employed,Postgraduate
P1368,66,37087,Employed,Bachelor
P1369,27,513,NotWorking,LowEducation
P1370,58,10062,NotWorking,Postgraduate
P1371,53,23395,Employed,Postgraduate
P1372,23,12433,Employed,Bachelor
P1373,19,185,NotWorking,Bachelor
P1374,27,17108,NotWorking,Postgraduate
P1375,25,40633,Employed,Postgraduate
P1376,61,34717,Employed,Bachelor
P1377,64,102598,Employed,Postgraduate
P1378,22,27329,Employed,Postgraduate
P1379,36,34431,Employed,LowEducation
P1380,36,4566,NotWorking,Bachelor
P1381,38,12479,Employed,Bachelor
P1382,42,32375,Employed,Bachelor
P1383,19,7856,Employed,Bachelor
P1384,32,49247,Employed,LowEducation
P1385,31,8932,Employed,Bachelor
P1386,44,7177,Employed,LowEducation
P1387,46,42030,Employed,LowEducation
P1388,51,44632,Employed,LowEducation
P1389,46,15600,Employed,Bachelor
P1390,42,38040,Employed,Postgraduate
P1391,25,35479,Employed,Bachelor
P1392,23,26331,Employed,Bachelor
P1393,47,159792,Employed,Postgraduate
P1394,48,55941,Employed,Bachelor
P1395,56,47546,Employed,Postgraduate
P1396,58,48974,Employed,Bachelor
P1397,27,38462,Employed,Postgraduate
P1398,23,57238,Employed,Postgraduate
P1399,56,14735,Unemployed,Bachelor
P1400,30,32721,Employed,Postgraduate
P1401,39,43605,Employed,Postgraduate
P1402,44,3878,Employed,Bachelor
P1403,41,19242,Employed,Postgraduate
P1404,19,163,Employed,Bachelor
P1405,57,42338,Employed,Bachelor
P1406,29,28976,Employed,Postgraduate
P1407,24,17186,Employed,LowEducation
P1408,45,15008,Employed,Postgraduate
P1409,36,18532,Employed,Postgraduate
P1410,56,37699,Employed,Postgraduate
P1411,24,6787,Unemployed,Postgraduate
P1412,53,11379,Employed,Postgraduate
P1413,60,47651,Employed,Postgraduate
P1414,28,28873,Employed,Postgraduate
P1415,70,3595,Unemployed,Postgraduate
P1416,40,3233,Employed,Bachelor
P1417,36,8550,Employed,Postgraduate
P1418,51,30793,Employed,LowEducation
P1419,46,27335,Employed,LowEducation
P1420,43,22785,Employed,Bachelor
P1421,21,5214,Employed,Postgraduate
P1422,36,70702,Employed,Postgraduate
P1423,41,42558,Employed,Postgraduate
P1424,34,42563,Employed,Postgraduate
P1425,38,19635,Unemployed,Bachelor
P1426,35,59760,Employed,Postgraduate
P1427,55,77168,Employed,Postgraduate
P1428,34,30330,Employed,Postgraduate
P1429,58,36695,Employed,Postgraduate
P1430,47,19208,Employed,Bachelor
P1431,48,29839,Employed,Bachelor
P1432,61,31444,Employed,Postgraduate
P1433,63,54066,Employed,Postgraduate
P1434,49,40031,Employed,Postgraduate
P1435,46,26162,Employed,Postgraduate
P1436,67,76653,Employed,Postgraduate
P1437,67,12172,Employed,Postgraduate
P1438,46,27770,Employed,Postgraduate
P1439,70,5662,Employed,Postgraduate
P1440,37,20932,Employed,Postgraduate
P1441,27,33676,Employed,Postgraduate
P1442,27,13099,Employed,Postgraduate
P1443,41,13933,Unemployed,Bachelor
P1444,40,19195,Employed,Bachelor
P1445,42,30990,Employed,LowEducation
P1446,32,30324,Employed,Bachelor
P1447,29,28991,Employed,Bachelor
P1448,52,49222,Employed,Bachelor
P1449,54,28409,Employed,LowEducation
P1450,43,49192,Employed,Bachelor
P1451,46,7485,Employed,Bachelor
P1452,34,31269,Employed,Postgraduate
P1453,63,136192,Employed,Postgraduate
P1454,56,15595,Employed,Postgraduate
P1455,32,14337,Employed,Bachelor
P1456,42,105395,Employed,Postgraduate
P1457,65,29462,Employed,Bachelor
P1458,57,65409,Employed,Bachelor
P1459,30,9947,Unemployed,Postgraduate
P1460,49,35670,Employed,Postgraduate
P1461,34,13791,NotWorking,Postgraduate
P1462,40,16865,Employed,Bachelor
P1463,36,31600,Employed,Bachelor
P1464,19,1089,Employed,LowEducation
P1465,51,24406,Unemployed,Postgraduate
P1466,18,2304,Unemployed,Bachelor
P1467,56,33731,Employed,Bachelor
P1468,35,31,NotWorking,LowEducation
P1469,25,13538,Employed,Bachelor
P1470,52,28116,Employed,Postgraduate
P1471,27,28481,Employed,Bachelor
P1472,23,44770,Employed,Postgraduate
P1473,21,766,NotWorking,Postgraduate
P1474,55,2982,NotWorking,Bachelor
P1475,36,27164,Employed,Bachelor
P1476,62,13758,Employed,Bachelor
P1477,45,10830,Employed,Bachelor
P1478,46,113521,Employed,Postgraduate
P1479,44,122,NotWorking,Bachelor
P1480,18,201,Unemployed,Bachelor
P1481,18,3864,Employed,Bachelor
P1482,56,284161,Employed,Postgraduate
P1483,52,2487,NotWorking,Postgraduate
P1484,25,748,Unemployed,Bachelor
P1485,27,30735,Employed,Postgraduate
P1486,26,2955,Employed,Postgraduate
P1487,31,86532,Employed,Postgraduate
P1488,26,59339,Employed,Postgraduate
P1489,48,27972,Employed,Postgraduate
P1490,20,913,Unemployed,Bachelor
P1491,70,9296,Employed,Postgraduate
P1492,70,94238,Employed,Postgraduate
P1493,60,87419,Employed,Postgraduate
P1494,26,18128,Employed,Postgraduate
P1495,57,153638,Employed,Postgraduate
P1496,52,42655,Employed,Postgraduate
P1497,58,78387,Employed,Bachelor
P1498,23,9930,NotWorking,Bachelor
P1499,48,60444,Employed,Postgraduate
P1500,60,14844,Unemployed,Postgraduate
P1501,49,4973,Employed,Postgraduate
P1502,52,94745,Employed,Postgraduate
P1503,51,46400,Employed,Postgraduate
P1504,31,80947,Employed,Postgraduate
P1505,28,52609,Employed,Postgraduate
P1506,42,34207,Employed,Postgraduate
P1507,42,10572,Employed,Postgraduate
P1508,70,41872,Employed,Bachelor
P1509,27,32510,Employed,Postgraduate
P1510,35,19600,Employed,Bachelor
P1511,26,26362,Employed,LowEducation
P1512,42,23416,Employed,Bachelor
P1513,22,2441,NotWorking,Postgraduate
P1514,23,27230,Employed,Postgraduate
P1515,51,16202,Employed,Postgraduate
P1516,38,9993,Employed,Bachelor
P1517,46,36845,Employed,LowEducation
P1518,33,27464,Employed,Postgraduate
P1519,34,19523,Employed,Postgraduate
P1520,28,46077,Employed,Postgraduate
P1521,27,19030,Employed,Postgraduate
P1522,62,104128,Employed,Postgraduate
P1523,19,2106,Unemployed,Bachelor
P1524,55,163217,Employed,Postgraduate
P1525,57,42993,Employed,Postgraduate
P1526,20,3457,Unemployed,Postgraduate
P1527,29,42837,Employed,Postgraduate
P1528,58,28287,Employed,Postgraduate
P1529,31,3378,Employed,Bachelor
P1530,19,5637,Unemployed,Bachelor
P1531,20,6275,NotWorking,Postgraduate
P1532,62,96816,Employed,Postgraduate
P1533,45,25558,Employed,Postgraduate
P1534,58,32496,Employed,Postgraduate
P1535,45,90172,Employed,Postgraduate
P1536,45,62901,Employed,Postgraduate
P1537,31,66531,Employed,Postgraduate
P1538,31,32696,Employed,Postgraduate
P1539,42,50188,Employed,Postgraduate
P1540,61,89866,Employed,Postgraduate
P1541,18,2832,Employed,Bachelor
P1542,28,11287,Employed,LowEducation
P1543,26,8002,Employed,LowEducation
P1544,36,53045,Employed,Postgraduate
P1545,28,4228,Employed,Postgraduate
P1546,51,31852,Employed,Postgraduate
P1547,55,22104,Employed,Bachelor
P1548,47,77398,Unemployed,Postgraduate
P1549,19,628,Employed,Postgraduate
P1550,33,26975,Employed,LowEducation
P1551,53,325386,Employed,Postgraduate
P1552,51,43535,Employed,Postgraduate
P1553,43,36074,Employed,Postgraduate
P1554,28,15254,Employed,LowEducation
P1555,46,43927,Employed,Postgraduate
P1556,56,42275,Employed,Postgraduate
P1557,47,2242,Employed,Bachelor
P1558,40,40985,Employed,Postgraduate
P1559,57,24149,Employed,Bachelor
P1560,30,7881,Employed,Bachelor
P1561,26,10009,NotWorking,Bachelor
P1562,29,53547,Employed,Postgraduate
P1563,37,5181,Employed,LowEducation
P1564,56,26224,Employed,Bachelor
P1565,57,25354,Employed,Bachelor
P1566,48,10000,Employed,Postgraduate
P1567,38,12135,Employed,Postgraduate
P1568,41,58388,Employed,Postgraduate
P1569,58,70607,NotWorking,Postgraduate
P1570,58,7974,NotWorking,Bachelor
P1571,52,20978,Employed,Postgraduate
P1572,39,234,NotWorking,Bachelor
P1573,32,34391,Employed,Bachelor
P1574,35,18043,Employed,Postgraduate
P1575,34,30577,Employed,Bachelor
P1576,50,24048,Employed,Bachelor
P1577,38,17379,Employed,Postgraduate
P1578,23,11341,NotWorking,Postgraduate
P1579,32,38950,Employed,Bachelor
P1580,32,21526,Employed,Bachelor
P1581,39,32172,NotWorking,Bachelor
P1582,42,28081,Employed,Postgraduate
P1583,28,45198,Employed,Postgraduate
P1584,25,44802,Employed,Postgraduate
P1585,36,64652,Employed,Bachelor
P1586,57,9275,Employed,Postgraduate
P1587,53,2064,Employed,LowEducation
P1588,43,26480,Employed,Bachelor
P1589,40,21364,Employed,Bachelor
P1590,41,49209,Employed,Postgraduate
P1591,59,16309,Employed,Bachelor
P1592,18,10503,Employed,Bachelor
P1593,36,21924,Employed,LowEducation
P1594,30,109816,Employed,Postgraduate
P1595,26,15197,NotWorking,Postgraduate
P1596,68,10507,Employed,Postgraduate
P1597,51,31817,Employed,Postgraduate
P1598,39,2288,NotWorking,Bachelor
P1599,39,35051,Employed,Bachelor
P1600,62,4789,Employed,Postgraduate
P1601,63,10493,Employed,Postgraduate
P1602,63,21650,Employed,Bachelor
P1603,68,57566,Employed,Postgraduate
P1604,67,3132,Employed,Bachelor
P1605,57,104866,Employed,Bachelor
P1606,52,49920,Employed,Bachelor
P1607,69,3231,Employed,Postgraduate
P1608,47,300224,Employed,Postgraduate
P1609,55,24700,Unemployed,Bachelor
P1610,64,56275,Employed,Bachelor
P1611,28,20807,Employed,LowEducation
P1612,46,136911,Employed,Postgraduate
P1613,45,126852,Employed,Postgraduate
P1614,31,34116,Employed,Bachelor
P1615,51,24241,Employed,Bachelor
P1616,59,25003,Employed,LowEducation
P1617,58,34958,Employed,Postgraduate
P1618,51,32677,Employed,LowEducation
P1619,46,40685,Employed,Postgraduate
P1620,45,95800,Employed,Bachelor
P1621,59,322181,Employed,Postgraduate
P1622,42,51627,Employed,Postgraduate
P1623,19,5231,NotWorking,Bachelor
P1624,25,17442,Employed,Postgraduate
P1625,52,59346,Employed,Postgraduate
P1626,54,32266,Employed,LowEducation
P1627,32,4348,Unemployed,LowEducation
P1628,70,17982,Employed,Bachelor
P1629,54,27129,Employed,Postgraduate
P1630,45,70881,Employed,LowEducation
P1631,24,9814,Unemployed,Bachelor
P1632,46,1972,NotWorking,Bachelor
P1633,39,49912,Employed,Bachelor
P1634,35,14811,Employed,Bachelor
P1635,44,113674,Employed,Postgraduate
P1636,40,30888,Employed,Bachelor
P1637,20,1192,Employed,Bachelor
P1638,65,11252,Employed,Postgraduate
P1639,50,48519,Employed,Postgraduate
P1640,60,51678,Employed,Postgraduate
P1641,55,13172,Employed,Postgraduate
P1642,42,71182,Employed,Bachelor
P1643,47,53263,Employed,Postgraduate
P1644,30,13791,Employed,LowEducation
P1645,66,6182,Employed,Postgraduate
P1646,38,11311,Employed,Bachelor
P1647,32,46964,Employed,Bachelor
P1648,38,13469,Employed,Bachelor
P1649,43,31929,Unemployed,Bachelor
P1650,53,96660,Employed,Postgraduate
P1651,38,58943,Employed,Postgraduate
P1652,37,77406,Employed,Postgraduate
P1653,39,2427,Employed,Postgraduate
P1654,32,49487,Employed,Postgraduate
P1655,32,9671,Employed,Postgraduate
P1656,41,25804,Employed,Bachelor
P1657,41,23001,Employed,Bachelor
P1658,37,20356,Employed,Bachelor
P1659,52,48064,Employed,Bachelor
P1660,35,73356,Employed,Postgraduate
P1661,33,25147,Employed,Bachelor
P1662,26,32203,Employed,Bachelor
P1663,35,28843,Employed,Postgraduate
P1664,40,9322,Employed,Postgraduate
P1665,43,50772,Employed,Bachelor
P1666,38,45453,Employed,Postgraduate
P1667,37,17763,Employed,Bachelor
P1668,70,16814,Employed,Postgraduate
P1669,24,10171,Employed,Bachelor
P1670,56,36056,Unemployed,Postgraduate
P1671,49,30405,Employed,Bachelor
P1672,55,31095,Employed,Bachelor
P1673,29,19972,Employed,Bachelor
P1674,36,34385,Employed,Postgraduate
P1675,42,15368,Employed,LowEducation
P1676,33,34078,Employed,Bachelor
P1677,31,49127,Employed,Postgraduate
P1678,28,40329,Employed,Postgraduate
P1679,60,89479,Employed,Postgraduate
P1680,48,10495,Employed,Postgraduate
P1681,19,1870,NotWorking,LowEducation
P1682,29,47585,Employed,Postgraduate
P1683,35,88365,Employed,Postgraduate
P1684,37,9555,Employed,Bachelor
P1685,21,2470,NotWorking,Bachelor
P1686,38,15356,Employed,Bachelor
P1687,18,1978,Employed,LowEducation
P1688,61,138200,Employed,Postgraduate
P1689,58,120,Employed,Postgraduate
P1690,32,158274,Employed,Postgraduate
P1691,45,91344,Employed,Postgraduate
P1692,68,52133,Employed,Bachelor
P1693,65,43191,Employed,Postgraduate
P1694,30,839,NotWorking,Bachelor
P1695,37,42602,Employed,Bachelor
P1696,36,25897,Employed,Bachelor
P1697,59,17638,Employed,Bachelor
P1698,53,29325,Employed,Postgraduate
P1699,42,60139,Employed,Postgraduate
P1700,64,54989,Employed,Postgraduate
P1701,43,864,NotWorking,Postgraduate
P1702,25,32269,Employed,Postgraduate
P1703,22,23052,Employed,Postgraduate
P1704,70,49453,Employed,Postgraduate
P1705,53,17103,Employed,Bachelor
P1706,42,52249,Employed,Postgraduate
P1707,39,13855,Employed,Bachelor
P1708,20,1629,Employed,Bachelor
P1709,61,10244,Employed,Postgraduate
P1710,41,29211,NotWorking,Bachelor
P1711,57,34241,Employed,Postgraduate
P1712,58,1845,NotWorking,Postgraduate
P1713,24,2359,Employed,Postgraduate
P1714,21,2492,NotWorking,Postgraduate
P1715,20,35614,Employed,Bachelor
P1716,70,9086,Employed,Bachelor
P1717,56,57711,Employed,Bachelor
P1718,56,44161,Employed,Postgraduate
P1719,55,57413,Employed,Postgraduate
P1720,54,46236,Employed,Postgraduate
P1721,54,37955,Employed,Bachelor
P1722,39,3831,NotWorking,LowEducation
P1723,20,10407,Employed,Bachelor
P1724,32,95336,Employed,Postgraduate
P1725,34,26903,Employed,Postgraduate
P1726,19,467,NotWorking,Bachelor
P1727,63,105318,Employed,Postgraduate
P1728,22,3231,NotWorking,LowEducation
P1729,42,28759,NotWorking,LowEducation
P1730,35,53610,Employed,Postgraduate
P1731,33,12761,Employed,Bachelor
P1732,26,21222,Employed,Bachelor
P1733,36,18266,Employed,Postgraduate
P1734,18,3127,NotWorking,Bachelor
P1735,54,12733,Employed,Postgraduate
P1736,38,45521,Employed,Postgraduate
P1737,46,100730,Employed,Bachelor
P1738,28,15956,Employed,LowEducation
P1739,42,18654,Employed,LowEducation
P1740,42,14987,Employed,LowEducation
P1741,30,5633,Employed,LowEducation
P1742,26,15181,Employed,LowEducation
P1743,56,60978,Employed,Bachelor
P1744,54,34227,Employed,Bachelor
P1745,26,319,Unemployed,Postgraduate
P1746,53,19753,Employed,Bachelor
P1747,53,61388,Employed,Postgraduate
P1748,30,48550,Employed,Postgraduate
P1749,49,6582,Employed,Bachelor
P1750,58,29438,NotWorking,LowEducation
P1751,31,120482,Employed,Postgraduate
P1752,27,30312,Employed,Postgraduate
P1753,28,29208,Employed,Postgraduate
P1754,41,128470,Employed,Postgraduate
P1755,67,9965,Employed,Postgraduate
P1756,68,22288,Employed,Postgraduate
P1757,61,85529,Employed,Postgraduate
P1758,53,13519,Employed,Postgraduate
P1759,18,7712,Employed,Postgraduate
P1760,21,5227,Employed,Postgraduate
P1761,62,25491,Employed,LowEducation
P1762,51,19171,Employed,Bachelor
P1763,39,25495,Employed,Bachelor
P1764,66,31444,Employed,LowEducation
P1765,54,31772,Employed,Bachelor
P1766,35,6058,Employed,LowEducation
P1767,62,30375,Employed,Postgraduate
P1768,64,35759,Employed,Bachelor
P1769,18,1469,Unemployed,Bachelor
P1770,19,8967,NotWorking,Postgraduate
P1771,18,1472,NotWorking,Postgraduate
P1772,21,1891,NotWorking,Postgraduate
P1773,35,18628,Employed,Postgraduate
P1774,34,3668,Employed,Bachelor
P1775,59,23487,Employed,LowEducation
P1776,27,33692,Employed,Bachelor
P1777,20,26511,Employed,Bachelor
P1778,57,11257,Employed,Postgraduate
P1779,34,8294,NotWorking,Postgraduate
P1780,23,5737,Employed,Postgraduate
P1781,41,21109,Employed,Bachelor
P1782,41,81150,Employed,Postgraduate
P1783,54,36742,Employed,Postgraduate
P1784,27,3603,Unemployed,Postgraduate
P1785,59,44595,Employed,Postgraduate
P1786,58,44361,Employed,Postgraduate
P1787,59,20734,Employed,Bachelor
P1788,70,18364,Employed,Postgraduate
P1789,37,31847,Employed,Postgraduate
P1790,35,43705,Employed,Postgraduate
P1791,70,19791,Employed,Postgraduate
P1792,47,48765,Employed,Bachelor
P1793,64,10172,Employed,Postgraduate
P1794,65,3067,NotWorking,Bachelor
P1795,31,22289,Employed,Postgraduate
P1796,19,2597,NotWorking,Postgraduate
P1797,62,36887,Employed,Postgraduate
P1798,57,47567,Employed,Bachelor
P1799,65,36845,Employed,Bachelor
P1800,49,43616,Employed,Bachelor
P1801,48,16812,Employed,Postgraduate
P1802,58,83135,Employed,Postgraduate
P1803,37,19679,Employed,Bachelor
P1804,41,47830,Employed,Bachelor
P1805,45,322067,Employed,Postgraduate
P1806,29,44342,NotWorking,Postgraduate
P1807,55,13022,Employed,Bachelor
P1808,28,20061,Employed,Bachelor
P1809,27,13477,Employed,Bachelor
P1810,22,28306,Employed,Bachelor
P1811,56,35611,Employed,Bachelor
P1812,51,30952,Employed,Bachelor
P1813,28,27082,Employed,Postgraduate
P1814,40,9794,Unemployed,Postgraduate
P1815,44,57945,Employed,Postgraduate
P1816,36,17216,Employed,Bachelor
P1817,42,28876,Employed,Postgraduate
P1818,41,5282,NotWorking,Bachelor
P1819,38,75152,Employed,Bachelor
P1820,41,25937,Employed,Bachelor
P1821,54,6306,Employed,Postgraduate
P1822,32,24148,Employed,Bachelor
P1823,27,20578,Employed,Bachelor
P1824,43,72142,Employed,Postgraduate
P1825,35,9118,Employed,Bachelor
P1826,47,21164,Employed,Postgraduate
P1827,22,10050,Employed,Postgraduate
P1828,52,40482,Employed,Bachelor
P1829,50,19279,Employed,Bachelor
P1830,30,955,NotWorking,Postgraduate
P1831,27,10533,Employed,Postgraduate
P1832,62,19613,Employed,Bachelor
P1833,61,12012,Unemployed,LowEducation
P1834,41,30594,Employed,Postgraduate
P1835,32,21379,Employed,Bachelor
P1836,45,16948,Employed,Bachelor
P1837,21,228,NotWorking,LowEducation
P1838,34,39302,Employed,Postgraduate
P1839,67,5132,Employed,LowEducation
P1840,22,2013,Employed,LowEducation
P1841,64,77060,Unemployed,Postgraduate
P1842,21,17310,Employed,Postgraduate
P1843,23,2652,Unemployed,Postgraduate
P1844,39,837,Unemployed,LowEducation
P1845,32,17613,Employed,Postgraduate
P1846,43,17910,Employed,Bachelor
P1847,53,15211,Employed,Bachelor
P1848,26,13197,Employed,Bachelor
P1849,33,10372,Employed,Bachelor
P1850,64,16615,Employed,LowEducation
P1851,58,16229,Employed,LowEducation
P1852,30,12872,Employed,Bachelor
P1853,50,7853,Employed,Bachelor
P1854,35,19006,Employed,Postgraduate
P1855,37,68284,Employed,Postgraduate
P1856,49,34915,Employed,Postgraduate
P1857,50,137807,Employed,Postgraduate
P1858,57,67998,Employed,Postgraduate
P1859,28,41601,Employed,Postgraduate
P1860,28,5179,NotWorking,Bachelor
P1861,34,53618,Employed,Bachelor
P1862,38,44162,Employed,Bachelor
P1863,41,32287,Unemployed,Bachelor
P1864,48,100570,Employed,Postgraduate
P1865,44,46485,Employed,Postgraduate
P1866,20,2439,Employed,Bachelor
P1867,63,9180,NotWorking,Postgraduate
P1868,40,32414,Employed,Postgraduate
P1869,32,19407,Employed,Bachelor
P1870,64,65970,Employed,Postgraduate
P1871,64,12428,Employed,Bachelor
P1872,54,79842,Employed,Bachelor
P1873,43,60497,Employed,Bachelor
P1874,24,24510,Employed,Bachelor
P1875,20,8155,Employed,Bachelor
P1876,38,5444,NotWorking,Bachelor
P1877,42,104082,Employed,Postgraduate
P1878,33,38569,Employed,Postgraduate
P1879,33,24598,Employed,Postgraduate
P1880,58,36928,Employed,Postgraduate
P1881,55,37844,Employed,Bachelor
P1882,26,119739,Employed,Postgraduate
P1883,27,31813,Employed,Postgraduate
P1884,59,41242,Employed,LowEducation
P1885,45,81051,Employed,Postgraduate
P1886,32,52308,Employed,Postgraduate
P1887,30,32030,Employed,Postgraduate
P1888,53,79821,Employed,Postgraduate
P1889,40,48431,Employed,Bachelor
P1890,56,33141,Employed,Bachelor
P1891,70,90,NotWorking,Postgraduate
P1892,29,28516,Employed,Bachelor
P1893,40,28519,Employed,Postgraduate
P1894,21,6938,Employed,Postgraduate
P1895,26,26661,NotWorking,LowEducation
P1896,39,13760,Employed,LowEducation
P1897,44,82208,Employed,Postgraduate
P1898,70,73,NotWorking,Bachelor
P1899,37,40944,Employed,Postgraduate
P1900,38,43689,Employed,Postgraduate
P1901,31,30487,Employed,Postgraduate
P1902,30,16957,Unemployed,Bachelor
P1903,50,54350,Employed,Postgraduate
P1904,65,51712,Employed,Postgraduate
P1905,39,12124,Employed,Postgraduate
P1906,63,7413,Employed,Postgraduate
P1907,21,15756,Employed,Postgraduate
P1908,45,67778,Employed,Postgraduate
P1909,48,31117,Employed,Bachelor
P1910,49,47430,Employed,Bachelor
P1911,50,30440,Employed,Bachelor
P1912,56,72589,Employed,Postgraduate
P1913,62,17030,Employed,Bachelor
P1914,62,11046,Employed,LowEducation
P1915,50,33974,Employed,Postgraduate
P1916,43,46818,Employed,Postgraduate
P1917,55,18636,Employed,Bachelor
P1918,57,28303,Employed,LowEducation
P1919,38,34216,Employed,Bachelor
P1920,36,5469,Employed,Bachelor
P1921,59,40672,Employed,LowEducation
P1922,60,51158,Employed,LowEducation
P1923,34,19632,Employed,Postgraduate
P1924,30,43353,NotWorking,Bachelor
P1925,20,19223,Employed,Bachelor
P1926,47,20311,Employed,Bachelor
P1927,34,1389,NotWorking,Bachelor
P1928,44,10177,Employed,LowEducation
P1929,49,50692,Employed,Bachelor
P1930,39,25788,Employed,Bachelor
P1931,46,33489,Employed,Bachelor
P1932,54,10242,Employed,LowEducation
P1933,23,7714,Employed,Bachelor
P1934,61,69314,Employed,Postgraduate
P1935,40,25440,Employed,LowEducation
P1936,24,647,Employed,Postgraduate
P1937,25,825,Employed,Postgraduate
P1938,24,2247,Employed,Postgraduate
P1939,55,154089,Employed,Postgraduate
P1940,53,91,Unemployed,Postgraduate
P1941,46,11633,NotWorking,Bachelor
P1942,51,11748,Employed,Bachelor
P1943,52,7746,Employed,Bachelor
P1944,42,33866,Employed,Bachelor
P1945,37,20194,Employed,Bachelor
P1946,48,86431,Employed,Postgraduate
P1947,48,63339,Employed,Postgraduate
P1948,52,36421,Employed,Postgraduate
P1949,49,15076,Employed,Bachelor
P1950,27,12351,Employed,Bachelor
P1951,25,15611,Employed,Postgraduate
P1952,21,15327,Employed,Bachelor
P1953,37,8124,Unemployed,Bachelor
P1954,38,48058,Employed,Postgraduate
P1955,62,8652,Employed,Bachelor
P1956,51,90520,Employed,Postgraduate
P1957,69,2349,Employed,Bachelor
P1958,50,33063,Employed,Bachelor
P1959,24,14425,Employed,Postgraduate
P1960,20,9214,Employed,Postgraduate
P1961,25,57072,Employed,Bachelor
P1962,28,54859,NotWorking,Postgraduate
P1963,51,10674,Employed,Postgraduate
P1964,61,87529,Employed,Postgraduate
P1965,36,79661,Employed,Postgraduate
P1966,32,21535,Employed,Postgraduate
P1967,38,116646,Employed,Postgraduate
P1968,33,27121,Employed,Bachelor
P1969,55,36191,Employed,Postgraduate
P1970,60,30990,NotWorking,Postgraduate
P1971,56,12278,Employed,Bachelor
P1972,28,11754,Employed,LowEducation
P1973,29,73147,Employed,Postgraduate
P1974,66,16276,Employed,Postgraduate
P1975,50,27586,Employed,Bachelor
P1976,27,26515,Employed,Bachelor
P1977,28,12563,Employed,Bachelor
P1978,32,7170,Unemployed,Bachelor
P1979,37,32865,Employed,Postgraduate
P1980,34,9662,Employed,Bachelor
P1981,44,34462,Employed,Bachelor
P1982,60,10274,NotWorking,Bachelor
P1983,37,84351,Employed,Postgraduate
P1984,30,50610,Employed,Postgraduate
P1985,34,45584,Employed,Bachelor
P1986,51,27539,Employed,Bachelor
P1987,29,29462,Employed,LowEducation
P1988,22,7516,Employed,Postgraduate
P1989,39,44785,Employed,Postgraduate
P1990,40,41142,Employed,Postgraduate
P1991,49,22308,Employed,Postgraduate
P1992,46,88448,Employed,Postgraduate
P1993,37,41767,Employed,Postgraduate
P1994,20,5361,Employed,Postgraduate
P1995,42,18079,Employed,Bachelor
P1996,22,25922,Employed,Bachelor
P1997,28,22711,Employed,Bachelor
P1998,44,51173,Employed,Postgraduate
P1999,18,12846,Employed,Bachelor